0.9762700785464951,-0.2933837921016274
4.30378732744839,-0.6223884400052346
2.055267521432878,-0.33868206956404856
0.8976636599379368,-0.3002609399192234
-1.5269040132219054,-0.7182148238055451
2.917882261333123,-1.5202733918369566
-1.2482557747461502,-0.4330482519890484
7.835460015641594,-0.7683560686179909
9.273255210020587,0.16030143813738895
-2.3311696234844455,-0.23275451653536183
5.834500761653292,-0.30533897903412904
0.5778983950580887,-0.4754364767650258
1.3608912218786458,-0.5498185739428195
8.51193276585322,-0.6306915605662058
-8.579278836042262,-0.10312698310110746
-8.257414005969185,-0.43526633115946584
-9.595632051193485,0.06285720263924222
6.65239691095876,-0.499367258538134
5.563135018997009,-1.0887607812836444
7.400242964936382,-1.1783046873074272
9.572366844655281,-0.2550749138666475
5.983171284334471,-1.653792001741798
-0.7704127549413631,-0.3486364670218836
5.610583525729108,-0.7009716130996668
-7.634511482621336,-0.5352911022448494
2.798420426550477,-1.6914467414211276
-7.132934251819072,-0.37004245847929557
8.893378340991678,-0.2976573343675916
0.43696643500143395,-0.5780503826199436
-1.7067612001895291,-0.7807112901397174
-4.70888775790746,-0.7493646541616933
5.484673788684333,-1.4283477929048072
-0.876993355669029,-0.3052508444723188
1.3686789773729693,-0.5583699664664417
-9.624203991272896,0.22887175261135384
2.352709941517542,-0.27075352136888314
2.2419144544484286,-0.15850343850524662
2.3386799374951384,-0.24510183779320915
8.874961570292484,-0.5596697819064689
3.636405982069668,-1.2875441133534218
-2.80984198852428,-1.6946700914427772
-1.259360924013171,-0.44361006385425056
3.9526239185452976,-0.8082863156464708
-8.795490567414603,-1.4972367533284896
3.335334308913353,0.22315226219574225
3.412757392363188,0.016213289625983784
-5.792348778523182,-0.0049269466274303175
-7.421474046902934,-1.1670377957507576
-3.691432981516323,-1.4939050986867515
-2.725784581147548,-1.5837559585192462
1.4039354083575937,-0.5970385247722769
-1.2279697307535926,-0.4145139308016782
9.767476761184525,-1.6119134256635008
-7.959103785039439,-0.8017248410081752
-5.822464878103306,-0.2033467791545538
-6.773809642300074,0.08404411392565403
3.0621665093079677,-0.7977449022466969
-4.934167949204358,-0.9057456882035434
-0.6737845428738751,-0.4072874209590314
-5.111488159967945,-0.42415895023657874
-6.820608327089605,-0.2626942400331972
-7.792497176713898,-0.8027642089632027
3.1265917893054684,-0.40639110587799676
-7.236340973027724,-0.24985510171878678
-6.06835276639893,-1.499402148629744
-2.6254965867807183,-1.2482863384096636
6.419864596958703,-1.1118949267165865
-8.057974484138775,-0.9249618162562714
6.758898149976076,0.13151008505855322
-8.078031842120739,-0.8963097137582537
9.529189300267916,-1.044612169817922
-0.6269759670459685,-0.43980181154341313
9.535221763806742,-0.9335417243276792
2.0969103949009202,-0.27258757277026197
4.785271587966033,-0.8073861258953369
-9.216244154913586,-0.6366171166992448
-4.343860748471808,-0.7570496040492222
-7.596068775736622,-0.5170220029454001
-4.077196049557101,-0.2795424851994713
-7.625445620915119,-0.5235366840463418
-3.6403364121204795,-1.3060647685355584
-1.7147401097066002,-0.778675541265047
-8.717050073024312,-1.1719489333579722
3.849442387400398,-1.3402729567604308
1.3320290841315021,-0.5183754501197347
-4.692210181211092,-0.7494817430276294
0.4649610693339934,-0.5582637507209244
-8.121189784831166,-0.7552071072401251
1.5189299111235854,-0.7115881755192245
8.585923951524283,-0.08567501616031126
-3.628620950973527,-1.2493688553238145
3.3482075992736338,0.20621377734110968
-7.364042751912157,-1.0947142967456431
4.32654408237131,-0.700999693553229
-4.211878141055978,-0.3202548631141975
-6.336172759857663,-0.11157295367696718
1.7302586962016626,-0.7733830356800199
-9.597849076250128,0.08549821778988143
6.578800584347263,-1.3675018492495432
-9.906090476149059,-0.1514974034802673
3.556330735924602,-0.8241592932192127
-4.599840536156703,-0.8330757673718534
4.703880442451897,-0.7488519582986541
9.243770902348764,-0.17502097959326235
-5.02493712960084,-0.7140294224499524
1.5231466883567375,-0.7151218541198026
1.8408386254367812,-0.6847508686695094
1.4450381158174679,-0.6409865857963006
-5.538367347187634,-1.2470531036666523
9.054980230339702,-1.0355536206438751
-1.0574924276474533,-0.3083648859775114
6.928173449422555,-1.3637064543495172
3.9895855063500854,-0.6128634371019149
-4.051260982897327,-0.3522181755461661
6.275956394049544,0.2430529937348126
-2.0698851830603076,-0.3145403295412966
7.622063942223232,-0.5202197378939541
1.6254574527171748,-0.7761679911674679
7.634707237097057,-0.535588114943715
3.850631801555318,-1.3352705187959002
4.50508559639281,-0.9542272541445975
0.026487638534044677,-0.7492986511658073
9.121672694464479,-1.7033470990438389
2.8798039845927477,-1.6242176654546132
-1.522899028836406,-0.7149161243846047
2.1278642825584875,-0.2302813206166745
-9.61613603381333,0.21080635000086922
-3.9685036665090134,-0.72220524777692
3.2034707498537003,-0.00848527560258483
-4.198447855791119,-0.28789024601552266
2.360308579976831,-0.286046431188853
-1.4246259810846773,-0.6194097051229115
-7.290518715550995,-0.6150585305417641
-4.034353480879385,-0.4125413049041146
1.399298214025297,-0.5919777166624414
1.8174552249634637,-0.7107262362216726
1.4865049769915757,-0.6824150693106418
3.064016397142673,-0.7864633251158863
3.0420654000337777,-0.9189492531371695
-1.3716312913205204,-0.5616147080072065
7.930931917021262,-0.7552102371945718
-2.648762599042069,-1.339318815135625
-1.2827014946874638,-0.4666625958220219
7.838467100313441,-0.7652618460052911
6.123879780921715,-0.9434515224726528
4.077771670807326,-0.27821932113964487
-7.995462253753978,-0.8753833484449773
8.389652274893471,-1.2376857067565958
4.2848259909822275,-0.5549179735512301
9.976940131357331,-0.03745308669936187
-7.011033906840125,-1.4190291325276694
7.3625211473642835,-1.0884128462205152
-6.7501413064725035,0.1428855891409987
2.311191285676884,-0.20460984553289385
-7.52360034301117,-0.7318771025917715
6.960164586444687,-1.5050832250443413
6.146379174500215,-0.6719527164493134
1.3820147722918659,-0.5730285747587007
-1.8563340554800067,-0.6655810465910315
-8.61666009089724,-0.11901514580654238
3.9485754628912737,-0.830546394521887
-0.9291463464386229,-0.2951263374923125
4.441111989406959,-0.9554867888242802
7.327646518572585,-0.8923666089050525
9.510430100057718,-1.3592199175942126
7.11606684785222,-0.5048909254489964
-9.76571831629996,-1.598895813775671
-2.800438710432722,-1.692306631748925
4.59981124848116,-0.8331176601653882
-6.56740645477119,-1.4720695167881535
0.4207321240825852,-0.5892644807512498
-8.913240233214928,-0.06368576946939941
-6.000069502071998,-1.7023979895255854
-9.62956411078772,0.22780527388727656
5.8739540671484125,-0.7003155498223795
-5.521506238792398,-1.3296366593215836
-3.0929663860619456,-0.6089771360573452
8.561625869311818,-0.18782289033413324
4.088288038470655,-0.25634331344330147
-9.363221409373843,-0.46011724642449986
-6.706116870041745,0.0122164593378834
2.42956802999527,-0.4689278503439413
1.5445717720833514,-0.7320136677124172
-5.2421435725098275,-0.38952962669527247
8.684279958495875,-0.7636507724464167
2.27931911931792,-0.17369689679436984
0.7126560604991656,-0.38203311957460384
1.7981995270914197,-0.72930396408912
4.602440590335393,-0.8293746208565721
-3.761100090407963,-1.5641336933444023
-2.035578755678163,-0.37234811504826204
-5.803125020497557,-0.065668921321682
-6.276139882393277,0.2427811636135322
8.887447799678672,-0.37872102950998116
4.791015900985752,-0.8144648759383202
-0.1908238276486589,-0.7142551380246973
-5.451707440533536,-1.4186096889183886
-4.912870364592141,-0.917188000398479
-8.839416793522489,-1.0780572743904462
-1.3116674888375854,-0.4966262898068291
-3.764082360117948,-1.5620352247647933
3.9268697763091893,-0.9506349317093112
-2.4449632141503823,-0.5194234960424593
-6.407926448807304,-0.9673248799218069
-9.506425432173376,-1.4176597510424167
-8.655007370735028,-0.4126461795416015
3.5878554699713465,-1.0220338899862575
-0.9260631088790934,-0.29549297421973997
0.731584222174444,-0.3704806913591155
7.933425860806842,-0.7585063945960185
9.806778947934088,-1.6202749859666556
-5.662060312030521,-0.2623912171718392
3.261564062002016,0.17994582043016827
-4.733552465256987,-0.7585394388154887
-9.586980010685426,-0.03931614474471534
5.167573076722828,-0.31037234357256205
-3.599656983550643,-1.09195673243885
-2.3307221165620406,-0.2320493059230897
1.766342271072114,-0.7542019673756756
6.620969104723809,-0.8863882984203101
2.5796368718229736,-1.0570620314923298
7.453013108947907,-1.0787008964148073
-4.529159303687285,-0.9314199029978834
5.960936678251274,-1.5352278851438208
-6.287281113880956,0.2163829943586716
9.055833139438892,-1.049328442940879
3.7497655277563062,-1.5682977446637323
-5.689846457728831,-0.07157511111369175
8.947411809778487,0.13689249149355498
4.6171161354031565,-0.8093258606008065
-4.921167148099483,-0.9142519785573042
-5.73376045265036,0.09760355570355195
0.36401427861326496,-0.626538096314764
-9.486745638909369,-1.6430206313186437
-5.850598491177812,-0.4575106216878034
-1.5062906249698749,-0.7006193400806366
-2.516600393315489,-0.790606193239134
-0.728491512703787,-0.3723308756524325
-4.447425874105361,-0.9599295657201541
1.735686929163375,-0.7711132711795278
7.277112118464629,-0.512417863934271
-7.649362880759338,-0.5623191885543818
0.34758214308228297,-0.6366875264340326
-7.358637873096933,-1.071380275680966
4.337193623851874,-0.7359655249103968
-2.0788059438541246,-0.3002647800779807
1.3084262371701794,-0.49321041349025624
-6.334403275718428,-0.09445868983953609
-7.103044813132455,-0.6226361626309906
-0.23887438702090869,-0.6945893585921975
-2.8877452430008876,-1.6062830661038987
8.80863890505626,-1.4127461371187846
5.306505076139306,-0.6855796795824396
4.9732723970109465,-0.8502786613453671
8.074394794918668,-0.903385612340019
-8.331551291159629,-0.8856996367640098
1.0438493984481312,-0.3042062308415397
1.6895213791153765,-0.783541853161362
9.23872757094458,-0.2522707970629946
-4.157049464149023,-0.2227695704938666
-5.183424401691063,-0.3023060002156042
-7.994121154690044,-0.8728037416171089
-9.671407408170516,-0.1166714875820678
8.59058633584381,-0.07851071806157617
3.398330931818201,0.07302120690683034
5.703058240462756,-0.0012360109017106602
-4.365397884921018,-0.8199403130847118
1.7282033237265342,-0.7741857130305143
-8.720894677580377,-1.214854855366527
-0.2874480813075415,-0.670853850464635
9.549902794888936,-0.6564213104358194
7.530104906331815,-0.701242975334032
-3.236820963263087,0.11459650190484827
9.231403090829971,-0.3716383855001616
-5.36596747057591,-1.051734994898109
8.986376448313628,-0.026115794241187484
8.827554094129972,-1.2264823484488359
5.984051747047834,-1.657250074211903
2.608958737335822,-1.1806479448879101
7.48575933249894,-0.926374522254151
-4.139594309844066,-0.2135121666408244
6.978871106258364,-1.5175763036974064
2.357533838350477,-0.28034849884062546
-9.73526284482201,-1.2293580279667289
-3.055329641355609,-0.8392851148203524
-7.0371827810367,-1.2434307605486885
9.636587796365063,0.2106369060454888
-0.43259385920023874,-0.5810913132591387
-0.05217269002674563,-0.7472817175455038
2.789450327974471,-1.6861395982491532
-2.62830787740765,-1.2595701469897138
-7.261994566288021,-0.4032599193280069
6.44235466388491,-1.3578821850362277
-6.20304176194484,-0.0499598940193271
0.22637965092912005,-0.7000816779448175
-5.513659420505215,-1.3603156784274726
-8.043110310119319,-0.930207955027514
7.243830348433665,-0.28931311147505184
9.458389780462607,-1.7466812159326985
9.216693161260004,-0.6285669297754372
8.131109984423578,-0.7114143662226449
5.480946653972776,-1.4318381544089562
-3.3370969594271616,0.22126415367877128
-8.377972200240064,-1.19018386023705
-1.8551765717238524,-0.667064628621858
-5.355317156581146,-0.9862790919501668
-7.350247304840341,-1.0300960253776545
-8.931456364263495,0.08043320625508232
4.511887284211575,-0.9487630660332299
-9.771450827499379,-1.6375046006594927
5.411614970055524,-1.2954675478279483
-7.0610670919924985,-1.031886887939597
-8.409558348264884,-1.2771133454147416
-8.207939315227893,-0.40861940527060125
3.440956147078289,-0.11550625006952775
-5.092655802943105,-0.4831198474981914
-1.5892106663980314,-0.7606387756584378
1.1473758264783385,-0.3523353996323123
7.211023476575875,-0.1583410233282997
4.540885254226566,-0.9172864294598236
-4.593441895225707,-0.8423200843516573
-7.370344014177448,-1.1185141588316867
-8.89251359157604,-0.30922225299243733
-3.9680273103811503,-0.7247502731726981
-4.757637015206435,-0.7771562108445015
-0.8771886639904061,-0.30519793233737985
3.6656267109536085,-1.4120122323658877
3.9125089127771435,-1.029475827387885
-4.329623068356668,-0.7112569817161509
-2.40146088199759,-0.38557006200409444
-6.376980765261939,-0.5768328412093373
5.770910246130374,0.07828873998290253
-8.863038471335194,-0.738460984823232
3.9399448344997463,-0.8782354565605212
5.5739079188220675,-1.008402815695965
5.5481512369750625,-1.1893931039433077
-4.811548713092901,-0.8407552090188161
-2.523737241348771,-0.8200664347013839
1.7519927039277796,-0.7629841897122513
-4.543561951510659,-0.913843132824722
-2.5829440156422256,-1.0711452694595516
-6.058914396287207,-1.5643757950702266
-0.8028823248798531,-0.3325967689404724
-9.107753974917719,-1.6574418718611497
5.995917691412361,-1.6939897869833653
-8.460871060267346,-1.1042881828245528
0.3767029766305203,-0.6184873168809932
-3.8637980090960777,-1.2771868852376946
1.5508589766275094,-0.7366100334278675
9.188666816668501,-1.120902075003074
2.911404889120078,-1.5411098425239844
-9.292751284890182,0.2405598149521443
-1.3919512098387763,-0.5839359262677194
0.2003370463650036,-0.7106783427221283
0.7235498940690395,-0.3753181170529041
3.6278502120767584,-1.245485263911546
-4.448078045364678,-0.9603274426957749
-7.422788690673596,-1.1649531606093735
-2.1464864690581127,-0.20858363560205473
9.128114455918976,-1.7039571774628341
-6.257382164983105,0.24305530959994992
8.079679098564739,-0.8928330021642532
0.8761190015465274,-0.3054890444413923
-0.8617715670846842,-0.30970254812009296
7.640828204597792,-0.5457195669651614
-0.8279207646282831,-0.32181737346470884
4.483352732230866,-0.9655206060248449
-2.0194935659379603,-0.40051804005572217
8.080887858019153,-0.8901746580887555
3.8005004038245467,-1.5037804668238244
3.9924410850103342,-0.5986425960525958
-3.445591968857622,-0.13951579822978766
5.135572854737784,-0.3614170880715402
2.721221108942826,-1.5724733408376035
-5.1995945324058095,-0.30744411468312804
-6.789223550294872,5.240429680974934e-06
5.927829490346635,-1.265072877005761
9.183332060704451,-1.2064723629501555
-0.837223454799144,-0.3181955979107462
1.8196833064736992,-0.7084099292287717
7.154452883871091,-0.2374679599193219
-0.8555309329228589,-0.31171110603189167
9.037489536654725,-0.7451926809827059
1.5150232408974489,-0.7082570056807587
6.4153424140262985,-1.0579759828724158
8.176874368254769,-0.5038607183782399
6.310476375371376,0.10105346298736118
-6.811710731020881,-0.17768018361759574
2.5779687812340075,-1.0499508752983733
-2.031314827606458,-0.3797700283872613
-8.745740959533086,-1.4398675105130758
-1.5193549622031615,-0.7119473134474132
-4.826318662211846,-0.8596072813332427
6.9807661685702165,-1.5158904483962807
-9.333907469066077,-0.006593670161764265
9.17965443726947,-1.2627951182900325
-2.892623030561408,-1.59427559907715
-2.8658621919491427,-1.6508209447601987
-9.673429946325843,-0.1461902246706589
-6.295353495276322,0.18527425332969005
-1.974809983927825,-0.47966668094766973
8.585828346054278,-0.08586631975955339
-8.007701395574573,-0.8971788064492674
8.90603066958159,-0.14074791534784215
7.3897706109326435,-1.1675547949660046
-0.916752061848964,-0.2967820277086358
-3.465982364634799,-0.25187967696441765
-5.345117414418863,-0.9224635367010048
2.2892941295374865,-0.1815476967276941
-9.338508170489888,-0.0659119051422663
-9.687878711063435,-0.3804081383267861
-1.4240855500352438,-0.618830831859253
-8.638518520505595,-0.25604544802831003
-4.961180235078142,-0.8722266798350389
-5.576781693078323,-0.985990546526665
-4.9361761255429615,-0.903995455418476
-7.378895375694845,-1.144713169981797
-9.759275542046915,-1.5426203601529012
-7.690314057225038,-0.6649275332999267
2.3696051902549584,-0.3060836646898733
9.485124256361004,-1.6563970722688648
9.806900031217879,-1.6194656119209077
-1.8189180925387678,-0.7092092842486316
-6.740911479067893,0.1413176093629287
2.7752351473305854,-1.6728664158954456
-0.1938930690252576,-0.713118629819186
9.78819554568863,-1.6846425143301063
-8.693915856964395,-0.8876611265675218
5.664688766276262,-0.2422824969752193
-4.232030053370122,-0.37697185034527153
-5.17162759846852,-0.30712879036480356
3.2500914306535194,0.15259030091260595
-5.078736300180711,-0.5301446208255347
3.317182351183753,0.23459120074181317
0.34617034404577574,-0.6375443584318696
-1.5182202312830135,-0.7109870930092352
1.09375617322838,-0.32267067982754144
-4.258969601607405,-0.46422575535356897
4.131494125459579,-0.21322847563235614
-1.702862613328719,-0.7815381053900007
-2.789088790282155,-1.685875310035974
6.573138291114756,-1.4212950025711404
8.499338239063842,-0.7607542685860675
-9.079853782254062,-1.3999362476842472
-5.34746014340469,-0.9371726643251391
-3.0296126101487353,-0.9922183148035251
6.299329587404948,0.1663444075716164
9.70982855286595,-0.7816539071668887
9.379434093407035,-0.7591800372360231
8.098966910998538,-0.8400045072922457
-4.068874698719402,-0.30010483856906534
9.840224868289482,-1.235494944863262
-5.011599178870975,-0.7548972751697693
-7.881876902355356,-0.7318643841562044
9.01905222110788,-0.44522780044084825
-5.331594890638074,-0.8376331844448673
3.795365301555009,-1.5155359794960401
-8.832872820388227,-1.162475866727999
4.614181982549523,-0.8132005166672844
7.6344042466767945,-0.535129133550544
-4.5512620906807495,-0.9035638979070381
-2.418862078451429,-0.4357844955855194
-2.514076333581679,-0.7802633576801572
4.975765150802662,-0.8452354842199691
-5.243855149219224,-0.3949088646795464
-6.56293801904714,-1.5088943777936308
-1.0141670262452394,-0.29746452420584946
-3.9106318524536103,-1.039672456436259
6.783782445173049,0.03351149377588036
-5.245163479687225,-0.3991255845786502
0.04778914978522941,-0.7477188065272448
8.851671993958607,-0.906800920990148
2.6799539548932145,-1.4507564390176086
7.345788109249295,-1.0058014276901628
8.804193787095347,-1.4457601767437822
5.015297237727038,-0.743895725574455
3.9915012044950267,-0.6033053979756469
9.359311332084541,-0.39112702311345926
9.888015792953588,-0.4152781870341167
-0.9635663466048072,-0.2931256437813057
-8.582604436315833,-0.0933463561332708
-4.144119371189623,-0.21479146916986502
-6.952905886245391,-1.4859823832249066
-1.650272504079764,-0.7822421125916217
-7.37421343053488,-1.1312531578220395
2.0823560804176395,-0.29469351529921567
-2.3438388168429185,-0.25414299621256214
7.907717685764201,-0.734135040047471
9.355893435970039,-0.33243886503958636
0.9376980333884433,-0.2942683022804859
-4.503528602648068,-0.9553573236048774
1.844608375236735,-0.6802265468821728
7.935223164488196,-0.7609957600996228
-1.8653330832850337,-0.6537716592504339
1.0415655338394174,-0.30357546319285345
-4.566944647877083,-0.88133476624894
-0.8911170109994604,-0.3017065130207828
-1.965729292408028,-0.49558212370447874
-5.03173069834058,-0.6920748422512809
0.11732767650616793,-0.736329287854025
-3.792383480403771,-1.5218449943872279
-2.5393027223850506,-0.8852473405634067
0.49940884508528427,-0.5333150819036775
5.011900458579749,-0.754011134838118
-3.3298506841744935,0.2281474832059267
8.483175332415271,-0.9196153993818135
7.246370936718048,-0.30379418701885014
-9.026194080489429,-0.5585755873630334
-4.927149514863545,-0.910940457817728
-1.0772897468159606,-0.3155902349047901
-7.907442225150518,-0.7339940388706846
-3.030480219330059,-0.9871707613925101
4.801950512353649,-0.8283542876158563
3.6102896228565164,-1.1523114287864535
2.4476885713200964,-0.5286955223229539
4.210568054446913,-0.31689034799443505
-5.901526260805965,-0.9979805093544138
-3.166037702705358,-0.186337743759022
3.5248496455492564,-0.6189225094430405
7.5846952606265425,-0.5292095272603005
0.873561076561904,-0.306198283543842
-4.346006981089268,-0.7636888676043843
-9.395294839880348,-1.0520411360002748
4.206736579484268,-0.30730043661350415
-9.842317929831193,-1.2027245154832547
-2.54641860358009,-0.9153704144804093
0.6107442912556351,-0.4514603320021462
8.44222923534386,-1.2125076670289567
-8.210109099341999,-0.4046840840916905
-1.881153560634326,-0.6318753659834196
-9.513736005796844,-1.308304099384473
-3.1477803131681936,-0.28491300237488293
2.4446211767958985,-0.5182667297458651
-4.418641035428033,-0.9308959773141606
-5.805001006887299,-0.07746304270957083
-7.6859353334581275,-0.6532735105244943
1.5428048804068357,-0.7306913271680361
3.90540011809372,-1.0679105090591967
3.4391428119164473,-0.10628337725878167
8.977220414410148,0.04968452417246527
-9.945935722129946,0.11659963136413098
2.94393307788072,-1.424110196156016
2.007844741952791,-0.4211315834146335
1.7747921994057627,-0.7483196466432867
9.255406396804847,-0.016310876749966452
-9.662566532599206,0.0006510565503977661
3.929648614029002,-0.9352664119203655
6.27357299403727,0.24610116371765633
0.19614393243168315,-0.712274560568303
-3.320702608063817,0.23351476225427437
5.816803264548099,-0.15948133397565267
-8.055141487351507,-0.9269812562904256
-1.1592872454014937,-0.3602550040326976
0.39904749141676454,-0.6038915719051637
3.8791282186909513,-1.2039764635014267
-8.18228535935181,-0.4828739486658341
-5.444809969242781,-1.405452247412911
-1.7939687461974874,-0.7330341651250207
2.4658934604026133,-0.5930311632410814
7.7392156243483505,-0.7733335442350746
2.3765233648275306,-0.321933697339664
-7.330770581301311,-0.9133877809500184
9.61160265574565,0.1904158899969699
7.4357146951098585,-1.1365700818638644
0.054415222906481375,-0.7470433705641805
8.44695963593266,-1.1896542997687432
0.8276158751427154,-0.32193968956795316
8.466121357783262,-1.065587789722833
6.597947372066862,-1.1630713096737173
9.365728205885947,-0.5052239898228461
8.395656215563168,-1.2554178915545944
-9.27932365142861,0.19870283888244877
-6.504559916781201,-1.7205058943797091
-2.217306457976285,-0.16009411929566664
9.042853945908416,-0.8350647538615952
-3.9994216104814084,-0.5645880037488046
-6.790647122247979,-0.009420098823258116
7.726093321731199,-0.7502879337591946
-1.072111690335941,-0.31356438115795376
8.157511887086521,-0.5883179062884224
-6.795390673597135,-0.042724273588825246
3.2223502301619895,0.06581399288118917
-1.1947249434101632,-0.38650196915129525
-8.470264619394293,-1.032798847941466
3.929262893050012,-0.9374008794407718
-5.052024889216926,-0.6232765642890016
-9.207689548409645,-0.7904702349318178
-8.801114035008535,-1.4660036680899213
-8.778429258664254,-1.5449268639208134
8.154659149700791,-0.6015518934691055
4.79767835658202,-0.8228789852428368
7.961247144274701,-0.8059226214900985
3.4516462259304266,-0.17177028442900177
0.5787985806176632,-0.4747744395701603
-3.9110727130524348,-1.0372804740442167
9.95924502657347,0.08858129270605342
-2.7562188212122134,-1.64616719962642
-0.5870210157218096,-0.46873774145466884
-2.435096501530765,-0.4866854799729416
9.590538586709172,0.0052772794916672305
-6.506832292099885,-1.7225240335794036
-3.440239981838406,-0.11185222781490034
3.606973320300032,-1.1337801524603397
-8.735847633227387,-1.362651107522041
2.144987480230821,-0.21021202032702513
-0.4470699424716784,-0.5709698790605805
-4.320000464757978,-0.6788508151667823
-5.23173438151884,-0.36021282005614685
0.2902548659751343,-0.6693715791270618
-2.641448389259173,-1.3113159010991595
-0.8696021747468929,-0.3073321284732115
-3.2504523647152013,0.15352982685229266
9.409873871919551,-1.2989094777934183
-7.33121136508792,-0.9163088393240271
-8.063920936432517,-0.9191061166743739
-3.1321654241816788,-0.3738253277190072
1.8205380174098256,-0.7075123449340275
3.1835294370005656,-0.09867741973996469
-2.0548650566391586,-0.3393583210218844
9.985559878443421,-0.13109176400425304
-2.962140076139148,-1.3458628596013866
4.428133359199048,-0.9429609995225618
2.7516538906158576,-1.6382997413349165
6.261077264949215,0.24738906786726989
9.524513269076401,-1.1281462587278237
7.795873128910806,-0.8013668669502998
5.291239487154172,-0.6003318641678165
3.964969556365812,-0.7411497129299642
-3.2900366064820075,0.22453859460183256
-7.046288435865852,-1.167142962438249
-8.747279938803805,-1.4501774531083784
-5.1619659159703035,-0.3161373134685457
-1.3543703763740282,-0.5426728612521003
0.43992547259964887,-0.5759843423417375
5.461671081097432,-1.4310338026351963
9.17481846113186,-1.3330625781838
-7.65359039230378,-0.5714602956501819
-7.859917196124169,-0.7448409199331718
1.7938944602710158,-0.733098515301478
4.907961478945859,-0.9180455617246864
6.963007606939698,-1.5104025151135216
8.71664160433577,-1.1672924063887578
9.66852484521284,-0.07625099846667394
-2.0039661555094828,-0.4280153710499278
-2.393296329448537,-0.3636320397250565
-7.043826466054552,-1.188388404163824
3.698688773671188,-1.511740375683337
3.1352391688167423,-0.3560381938294775
7.241251917024144,-0.2751688820612065
-8.054840104247187,-0.9271671871768478
-0.0444618434931634,-0.7480250994165084
1.6216385934412614,-0.7748927272388288
-5.168859199201632,-0.3092580918970587
-6.619491877416774,-0.9047011845045678
7.191616728392429,-0.13921586679280396
-8.829301555288824,-1.2059472754105693
-0.5875819216385416,-0.4683266900669326
-7.683319973982295,-0.646294173126108
-0.8588247733726533,-0.3106379113424939
9.599246526846187,0.09898624555439128
-1.525872930890543,-0.7173713615109358
7.142498350091348,-0.30501402785807574
-7.653688716336122,-0.5716793209796932
-4.574958464762718,-0.8695716996616563
-1.924145186653309,-0.5659699151707591
-2.0037571998133856,-0.4283863834817091
3.4276695734030618,-0.05023915728584494
-3.1056374524898462,-0.5317104975671255
4.2753373682003275,-0.5212171821204876
2.78373798450785,-1.6815130074947717
-2.0167770949045387,-0.40531374360318256
-1.3647974469136148,-0.554106042144243
2.2905539962064143,-0.18265643024644185
-8.599156197107106,-0.07662012481006142
6.448134767113807,-1.4134857455854368
3.068423222272738,-0.7595311734356257
4.526849288356704,-0.9339988694143644
0.7384600216478088,-0.3664223097148551
-7.790457780165106,-0.8034508507282337
-1.8992877340610015,-0.6051296928746702
-1.8925283430288786,-0.6152933288831737
-3.5791401991356615,-0.9687163034355589
-9.400993501905013,-1.1522381930102883
4.745084851929546,-0.7663756710067255
-7.804310838749986,-0.7965753620702303
2.126162660901702,-0.23241595740376053
4.064349929344315,-0.31239631026779957
2.695726458673896,-1.5011881101876337
9.1828450395595,-1.2140639680173535
-7.934036898297228,-0.7593421557410777
7.3433431821039825,-0.9918297119443883
-9.416195303021734,-1.3943007862961767
0.6983370985416784,-0.391114181223135
-1.9151276412148235,-0.5804794600759986
0.48367720787516433,-0.5447758256780526
-2.698002458799804,-1.5080881656703038
-6.1886617011986385,-0.18753157827779332
-9.617542051026204,0.21564454845722159
0.3629962758234857,-0.6271761159017042
6.855537253696845,-0.6447787520901412
-2.5356808851041173,-0.8699839409966312
-5.542723639700395,-1.2222180403766327
-8.389359930563119,-1.2367011182248424
-8.293781537625932,-0.6127506361064278
-5.572071074144556,-1.0225242668163548
-7.999718781568896,-0.8833504431383613
-4.699206032710359,-0.748796937895632
-8.677010757660906,-0.6711801311940069
-8.687902655801487,-0.8102373124984092
7.1255235924556395,-0.4264037437719602
-6.757594785823335,0.13398974283489729
1.1936481164689603,-0.38564747928065246
5.469110888980611,-1.4350449444424482
-0.8718086932186679,-0.30669477513943677
-6.932622442813086,-1.3919185457816194
-6.008077157597713,-1.7119237033117172
-1.340315874376385,-0.5273460622796607
0.5646817835707161,-0.48517697175098773
-3.0111941590293023,-1.0969510861032998
5.629592004693226,-0.5333638755020237
5.020432977127969,-0.7281869663452032
8.544236147462357,-0.31721845610107363
-9.420949019460789,-1.4601271136797462
7.913825824204068,-0.7379295650634002
-2.1486242307569796,-0.20629890665776907
7.56744990759988,-0.5641440785427666
3.815695523130591,-1.4626109514929984
9.746975141479364,-1.400539387524089
5.1856490343333626,-0.3021911264998568
-2.709107480064268,-1.5402881577064027
0.021263456695042038,-0.7495479676337722
-2.4722168961129753,-0.6162986369486931
-2.7017632795752373,-1.5192694656338102
-4.781910012378805,-0.8033403583848557
-0.08059409253060856,-0.7435257215196314
3.6347989013872244,-1.2798234199936265
-4.4531945738951295,-0.963055764302504
0.4875962215444005,-0.5419301398446396
-7.652394116588857,-0.5688181458422025
-6.803094262916174,-0.10271011091625748
-9.063872905756226,-1.175696848416523
9.414628855412658,-1.3714572094315312
-9.922792969794777,0.021679434311540957
-6.428400638846874,-1.2101019707780816
2.2573350623398465,-0.16210190508654376
-8.372608022933894,-1.163186952979523
7.637930061936647,-0.5407229024446001
4.392403156845763,-0.8850183264412683
9.327799428757867,0.06348413510790507
0.152710944815297,-0.7269528544126924
-3.9919263368302556,-0.6011940980461846
0.990011455905428,-0.2942849758459466
8.616374345959464,-0.11782658784279165
0.4152287448372114,-0.5930166841698906
-4.6558593627536276,-0.7674573169081929
7.547975783482393,-0.6262621605880822
-2.5616250297507737,-0.9801509571861562
-9.972333000020017,0.004435133880224429
-5.046299550153681,-0.6430549197363964
-3.6353298164587518,-1.2823834007741959
7.175549364638044,-0.15999644116317868
-0.8299366586710999,-0.32101435971330544
-1.1082542437739846,-0.32970342106950845
-3.2779546720022523,0.20977394696833995
7.613562460941591,-0.5146765056894773
8.900535538807826,-0.2058425741039962
9.837806583092586,-1.272390421744737
-2.4651746607802654,-0.5904151108611465
9.322948912543428,0.11154941525987305
5.837591392618027,-0.33327456579315207
3.513782952885336,-0.5469846472578166
-5.102210411598012,-0.4523624851391341
-5.670854781115803,-0.19661303604363645
-6.679043509575086,-0.20841239520742394
8.455132204507308,-1.1426592382380218
-4.118466752336678,-0.2182655396081593
-0.9381150910224321,-0.29423247296000987
-0.12084332025553124,-0.7355039028700825
5.563431909005082,-1.0866296061303653
6.884699231060484,-0.974038671584971
-7.218545977027744,-0.17815362072357366
-1.4619127957785256,-0.6583009339384204
6.857097756709145,-0.6627362400439452
6.360666115116768,-0.3777575754670038
-7.951724830951672,-0.7878292924806394
-6.87233302264074,-0.8371972168737639
-3.916026168011843,-1.0102889639344714
-8.492818618333192,-0.8265053626131271
-1.5067399431881423,-0.7010185800442217
-7.847645897008362,-0.7560050577933957
1.3643518733969007,-0.5536167749964472
-5.068861203776878,-0.5644506202673572
1.9286613069924545,-0.5585855395822052
-7.649487141927247,-0.5625798542881785
9.517677368370666,-1.2447414258296225
8.651224077146807,-0.37328412055713833
-2.164061228706684,-0.19116779049632282
-5.156428117478291,-0.3232366321921748
-4.992035742928545,-0.8081645329365726
-0.3321292959521589,-0.6459299001152305
-9.20014396198566,-0.9248698777770664
2.79410212150254,-1.689193057479302
-1.8339418332051043,-0.6927901673734673
-2.4518685482222535,-0.54310335920372
6.18729942978397,-0.20153077614788784
4.180709203665799,-0.25308065530261
9.086676307853839,-1.480863123480586
-2.9612751900861856,-1.3497720520811165
7.950855292988109,-0.7862573832529463
5.399343725001778,-1.238216723769154
-2.8515069681057392,-1.671663295746543
2.433308729065155,-0.4808962003632143
-4.2286008469660885,-0.36671330151092946
7.487998341496848,-0.9147949367454918
-7.7514536557537745,-0.7893631081386236
-5.75131277411918,0.10830258924197766
-6.339334158401577,-0.1429519345331649
-1.939479951914226,-0.5406049841604177
4.904659200642582,-0.9182657747607531
0.5381489810436069,-0.5047901624530555
-0.24647352923584975,-0.6911229391588142
-9.989080702060086,-0.17451654820873774
-1.4919654928989061,-0.6875560018009368
-8.728924503276831,-1.2983783554268054
-5.834934957570324,-0.30922321834708905
8.647878779209886,-0.34008235379149243
-5.692035913135236,-0.05889370396417726
7.16675277268525,-0.18552579730055185
6.057867431226683,-1.5709135791711966
-6.817075261155143,-0.22809336225338417
2.114239145405577,-0.24802903395027998
-7.686762561899734,-0.6554796791824363
4.557763167390229,-0.8945219088443068
2.749245547444133,-1.6339291652528103
6.238771233820387,0.18925161821572778
-0.41230901221623917,-0.5949966271123882
8.297261756667659,-0.6353968224291229
-9.013021064231205,-0.3539820888461095
-4.142228699459707,-0.21416010617180747
4.301051949303341,-0.6127065865606051
-1.6378157650399832,-0.7796799974545344
-6.540972914576873,-1.6505281697203893
-7.855785091429079,-0.7483778934447419
6.346782229232428,-0.22068283606585548
-0.5371404306871153,-0.5055357701790404
7.645673438382147,-0.5548179392563959
4.66578268633452,-0.7602408573148695
-1.8054758873851284,-0.72259017506279
-2.5297797168863267,-0.8452336577390591
0.3127669330250349,-0.6570710304998677
7.781199063794574,-0.804956867627479
4.7455715942833585,-0.7667518316702219
-9.896940714619536,-0.2768849024419792
3.883157027382511,-1.1838794857457122
8.390148138116412,-1.239330504095186
4.2091151900898325,-0.3132096442414366
-6.459884368650082,-1.5146012567821767
-0.3296374514508251,-0.6473916741765267
-7.193679641531611,-0.13897783365191763
-2.820094433207359,-1.6941220414891676
8.742340838810353,-1.4154162519145288
8.466106151174166,-1.0657045842468431
-4.343262956478342,-0.7551871172191001
-3.207379116676017,0.007830278819362935
2.0042573626258786,-0.42749833775370377
9.2639459052076,0.07937819164920845
-7.043973318692192,-1.1871333037557346
-4.861667126266617,-0.8983188358502782
7.47113654581543,-0.9993354061538439
-0.16215536583310985,-0.7240535673665955
7.979221844540632,-0.8426921459648755
-6.289642049536475,0.2083128008960875
0.6533717494272135,-0.4212313295169484
-3.4746073470125527,-0.30233528787665354
-3.6691488021504792,-1.42482431268528
-1.0624607210760182,-0.31004567147534035
-1.3384510179746307,-0.5253223728349202
-2.8530624064409116,-1.669726711257153
8.29941540631237,-0.649787731654922
4.634883708657856,-0.7877309541701919
4.550939826630593,-0.9040041779729254
-4.201731008160891,-0.29535357824803304
1.5541884863368072,-0.7389737060951177
5.583588666036681,-0.9314684898824672
5.911807370864262,-1.1059478125835807
-3.1093907849137548,-0.5089920492083874
5.417455131372957,-1.319890005645874
4.717877936154659,-0.7514493769744135
-7.169870287561995,-0.1753473054705713
7.318909371329546,-0.8309143123257883
-1.1735705963917837,-0.3703604502447069
-0.27179102222669016,-0.6789059999814114
-1.0326164220400535,-0.30128426942232756
1.3569200295501496,-0.5454648275640686
2.423384947341095,-0.44958283485329087
-0.036408684741131125,-0.748675286563839
7.335770865181914,-0.9458320231763173
2.554695123905688,-0.9505794225424644
-1.971441013889601,-0.4855865412629956
-1.6661648618257807,-0.7840334946785755
6.216772302579027,0.061126356286618
-3.036161145069598,-0.9539003793664768
-5.770904084351729,0.07830517199268894
-8.812336239884216,-1.381980094059351
7.520536958411483,-0.7467897701818392
8.370929023806998,-1.1541337374213814
-7.597596356730481,-0.5160383998039023
-3.310525170077703,0.2351261908339911
-6.492558609695123,-1.6957405619918313
-7.682030623482405,-0.6428546100452209
7.997334860000606,-0.8789319314405313
-8.86245481709289,-0.7472174108730307
9.609713269380137,0.17978495034222997
-8.070982786052316,-0.9092673720846054
7.269412983871714,-0.455604391933183
1.3301221397832546,-0.5163197185333466
-2.641650243642532,-1.312096870307376
-3.1531524674968425,-0.2552436140365755
5.147282864754175,-0.33785555675721707
-3.7085340999142558,-1.5321333383622797
3.1463783323428363,-0.29273913508008287
0.34652167032160186,-0.6373313653023656
-0.3006870968385904,-0.6637614030362392
8.02324341298323,-0.9183778368360811
1.0929011724051918,-0.32227921256629993
6.537232060973899,-1.6675730076004864
4.511470682029788,-0.9491216814336494
-9.228855078820033,-0.4148010887021441
5.4622010501083835,-1.4314705543553994
-5.662594998179187,-0.2582713483946033
8.062992937031431,-0.9201654412561304
-9.14151618782336,-1.6628725267430462
-3.3385593105136246,0.21959361059211668
-8.00534105530492,-0.8932616968795947
-0.4882176583031246,-0.5414782926939826
6.400448717395037,-0.8738572452946098
-4.036252806738718,-0.40529156463698
-6.981302053779168,-1.5153162614450166
-3.3946592860620157,0.08623612441104023
6.277602838412719,0.24042405083155083
-7.192320844013063,-0.13907278802298517
-5.452751018449964,-1.4202807055438833
-8.62296071013252,-0.14930881446612632
4.114200879792154,-0.22140465997116288
-2.0953351292732636,-0.27491937907883895
-3.7832004571336793,-1.5388371756375192
4.372527806823038,-0.8387377751690676
-3.280449153194896,0.21333162963009777
4.55542546428836,-0.8978064916740197
6.30398790628627,0.14121442706382292
-5.6467431308452305,-0.38593859001451836
9.476373936919668,-1.7134745970822336
-6.752841041746665,0.14070695388977428
-4.183181866865149,-0.2573467380326066
-6.404094183329168,-0.9196276609280258
-3.0898868728733113,-0.6278476120730665
-0.398782243584888,-0.6040677887111572
0.4435173800423815,-0.5734678311771961
7.07212084592544,-0.9247233053141999
7.78895817631733,-0.8038770728332728
-5.597922784381872,-0.8112467388956124
2.4578806437150487,-0.5642132978972854
-7.770078854025688,-0.8029470685379926
-0.8206027963586333,-0.3248153553525072
-3.5533292390676374,-0.8047496268801548
-3.669985090927872,-1.4277928449389565
-0.3483151657579793,-0.6362416826301776
4.596552710585351,-0.8378041544773621
-8.61634682415221,-0.11771296809993814
7.583466753748091,-0.5310433752959565
4.696275492611221,-0.7489718179933601
-6.470012222218797,-1.5874619315731693
8.783218181747408,-1.538800667195925
0.12624448046777204,-0.7341898365465723
9.996171562339306,-0.2698455972020029
-6.054810513985247,-1.5892132830340633
0.6981639676640263,-0.39122565523243363
-4.195039148801431,-0.2804653967093105
-3.9165288522150687,-1.0075389757173334
1.8213076166798032,-0.7066998708658342
8.434381337416667,-1.2430608855276128
6.105277111583501,-1.1555466090278517
4.478827970026519,-0.9665701598926726
1.1834756420340433,-0.3777474508552495
8.445970073348953,-1.1947049818617117
-0.15277186618231653,-0.7269346818834599
7.476643566694364,-0.9725297834053173
6.679632877532637,-0.20268298807778085
-5.723293063968269,0.07487588251428101
5.424509259318205,-1.3466944786605877
-9.756576861134825,-1.5151885081453855
-3.54340924903825,-0.7402246568734113
-5.408651106161004,-1.28234740712358
0.13725916974626884,-0.7313382202019842
4.737063233615711,-0.7607006819818565
-8.046472651045518,-0.9301563224088009
0.2984440387353686,-0.6649809477572586
8.768240433887712,-1.5391159375225674
-5.42706898034109,-1.3556502836611024
3.5428228822284815,-0.7363973981452168
